key,zh,cat,value,winRate,fightUptime,returns,decidedRate,minutes,k,d,a,groupedFights,roamEpisodes,roamEngaged,roamPaid,roamMissed,roamEngageRate,roamPaidRate,roamDeclined,roamAborted,roamRetargeted,roamDeclineRate,roamLaneTop,roamLaneMid,roamLaneBot,retreatAtMean,tfRolls,tfGoRate,tfBehindRate,tfEpisodes,tfWonRate,tfPeakMean,tfHeadMean,tfSoloEntry,tfSoloRate,tfReadyAtEngage,tfArrivalSpread,tfCommit,tfHoldN,tfDecline,tfBadCommit,tfBadCommitRate,tfDeclineRate,tfExchange,dragonContests,baronContests,objSpawns,objRallies,objRallyRate,objRallyDelay,objHeadMean,objHeadPeak,objKills,objKillRate,objRolls,objRollGoRate,ganks,gankKills,gankRate,roams,invades,towerPushes,splitPush,focusSwap,castMissRate,wasteRate,csRate,retreats,chaseDropped,mlv,diveTry,diveOk
reflex,反應速度,操作,40,0.5,0.8124389656333201,73.58333333333333,0.9666666666666667,23.22236111111112,12.45,14.166666666666666,7,22.066666666666666,2.55,0.6333333333333333,0.31666666666666665,2.2333333333333334,0.24836601307189543,0.12418300653594772,5.1,1.4666666666666666,0.7,0.6666666666666666,1.2833333333333334,1.2666666666666666,0,0.29690338124106663,10.083333333333334,0.5537190082644627,0.07768595041322314,22.066666666666666,0.1148036253776435,3.8074018126888216,0.886041351427324,1.5333333333333334,0.10538373424971363,1.3161512027491407,1.237762237762238,6.683333333333334,0.1,0,1.9,0.28428927680798005,0,0.8788235294117647,4.533333333333333,2.933333333333333,8.3,2.9833333333333334,0.35943775100401604,59.98324022346368,0.35448591652072386,2.220183486238532,3.5,0.4216867469879518,182.1,0.6608090792604796,25.833333333333332,0.36666666666666664,0.014193548387096773,2.55,0.08333333333333333,30.183333333333334,0,0,0,0.032068269674941044,1,70.28333333333333,0.4166666666666667,9.15,1.2666666666666666,0.43333333333333335
reflex,反應速度,操作,70,0.5,0.8107953669935202,74.98333333333333,0.9333333333333333,23.45416666666667,12.916666666666666,12.916666666666666,7.2,22.783333333333335,2.45,0.55,0.4,2.05,0.22448979591836735,0.16326530612244897,5.6,1.2666666666666666,0.6,0.6956521739130433,1.2333333333333334,1.2166666666666666,0,0.2947858460485368,10.033333333333333,0.5930232558139535,0.053156146179401995,22.783333333333335,0.11997073884418434,3.7754206291148495,0.8950435246047255,2.1166666666666667,0.14547537227949597,1.1970217640320733,0.9193548387096774,6.733333333333333,0.25,0.03333333333333333,2.3833333333333333,0.35396039603960394,0.004750593824228029,1,4.366666666666666,3,8.133333333333333,3.2333333333333334,0.39754098360655743,66.51030927835052,0.35394582874449343,2.3247663551401865,3.566666666666667,0.43852459016393447,186.03333333333333,0.6500627127754883,25.933333333333334,0.5666666666666667,0.021850899742930592,2.45,0.08333333333333333,29.566666666666666,0,0,0,0,1,71.15,0.3333333333333333,9.353333333333332,1.3333333333333333,0.4
reflex,反應速度,操作,90,0.5178571428571429,0.8126761914994457,75.33333333333333,0.9333333333333333,23.569444444444446,12.416666666666666,13.7,6.566666666666666,22.916666666666668,2.6166666666666667,0.6666666666666666,0.4166666666666667,2.2,0.25477707006369427,0.1592356687898089,5.566666666666666,1.55,0.5333333333333333,0.680244399185336,1.3166666666666667,1.3,0,0.29624287986121056,9.883333333333333,0.6037099494097808,0.08263069139966274,22.916666666666668,0.112,3.812363636363636,0.902692987625221,2.25,0.15771028037383178,1.167056074766355,1.1352201257861636,6.45,0.25,0.016666666666666666,2.4,0.37209302325581395,0.0024813895781637717,0.9063260340632604,4.3,3.033333333333333,8.166666666666666,3.1333333333333333,0.38367346938775515,67.82712765957447,0.35214308265993116,2.2640186915887845,3.566666666666667,0.4367346938775511,189.33333333333334,0.6493838028169014,25.983333333333334,0.35,0.013470173187940986,2.6166666666666667,0.08333333333333333,29.9,0,0,0,0,1,71.1,0.38333333333333336,9.266666666666664,1.55,0.5333333333333333
accuracy,精準度,操作,40,0.4067796610169492,0.8071694392951302,73.1,0.9833333333333333,22.494305555555563,10.2,12.966666666666667,5.283333333333333,20.383333333333333,2.6333333333333333,0.5833333333333334,0.36666666666666664,2.2666666666666666,0.22151898734177217,0.13924050632911392,5.416666666666667,1.5166666666666666,0.7,0.6728778467908902,1.4,1.2333333333333334,0,0.29901423160748913,10.416666666666666,0.5760000000000001,0.1024,20.383333333333333,0.09893704006541292,3.8830744071954215,0.8925098327354454,2.25,0.13789581205311544,1.2145045965270684,1.2777777777777777,8.466666666666667,0.05,0.03333333333333333,2.75,0.3248031496062992,0.003898635477582846,0.7866323907455012,4.166666666666667,2.8333333333333335,7.766666666666667,2.8,0.3605150214592274,66.08333333333334,0.3487720908882258,2.2035175879396984,2.9833333333333334,0.38412017167381973,176.11666666666667,0.654111857670105,24.95,0.35,0.014028056112224449,2.6333333333333333,0.08333333333333333,29.75,0,0,0,0.0372604338943477,0.9534031413612565,69.88333333333334,0.21666666666666667,8.51,1.95,0.4166666666666667
accuracy,精準度,操作,70,0.5,0.8107953669935202,74.98333333333333,0.9333333333333333,23.45416666666667,12.916666666666666,12.916666666666666,7.2,22.783333333333335,2.45,0.55,0.4,2.05,0.22448979591836735,0.16326530612244897,5.6,1.2666666666666666,0.6,0.6956521739130433,1.2333333333333334,1.2166666666666666,0,0.2947858460485368,10.033333333333333,0.5930232558139535,0.053156146179401995,22.783333333333335,0.11997073884418434,3.7754206291148495,0.8950435246047255,2.1166666666666667,0.14547537227949597,1.1970217640320733,0.9193548387096774,6.733333333333333,0.25,0.03333333333333333,2.3833333333333333,0.35396039603960394,0.004750593824228029,1,4.366666666666666,3,8.133333333333333,3.2333333333333334,0.39754098360655743,66.51030927835052,0.35394582874449343,2.3247663551401865,3.566666666666667,0.43852459016393447,186.03333333333333,0.6500627127754883,25.933333333333334,0.5666666666666667,0.021850899742930592,2.45,0.08333333333333333,29.566666666666666,0,0,0,0,1,71.15,0.3333333333333333,9.353333333333332,1.3333333333333333,0.4
accuracy,精準度,操作,90,0.559322033898305,0.8143924407944918,71.98333333333333,0.9833333333333333,22.949027777777776,12.4,12.416666666666666,6.066666666666666,22.316666666666666,2.6,0.6,0.31666666666666665,2.283333333333333,0.23076923076923075,0.12179487179487178,5.266666666666667,1.45,0.55,0.6694915254237288,1.25,1.35,0,0.29458013538515265,10.233333333333333,0.5879478827361564,0.05048859934853421,22.316666666666666,0.1217326362957431,3.795369678864825,0.8920615131359958,2.316666666666667,0.1505958829902492,1.2448537378114843,1.0759493670886076,7.65,0.23333333333333334,0.05,2.6666666666666665,0.34858387799564267,0.0063025210084033615,0.9986577181208054,4.416666666666667,2.966666666666667,8.25,3.1,0.3757575757575758,58.8494623655914,0.3734363398840237,2.2408256880733948,3.533333333333333,0.42828282828282827,181.36666666666667,0.6508913802609814,25.483333333333334,0.45,0.01765860039241334,2.6,0.08333333333333333,29.566666666666666,0,0,0,0,1,68.13333333333334,0.23333333333333334,9.333333333333336,1.3166666666666667,0.45
apm,操作速度,操作,40,0.3620689655172414,0.8108510126837597,73.61666666666666,0.9666666666666667,23.06263888888889,12.316666666666666,13.866666666666667,7.033333333333333,21.15,2.683333333333333,0.65,0.43333333333333335,2.25,0.24223602484472054,0.1614906832298137,5.133333333333334,1.5833333333333333,0.5166666666666667,0.6567164179104479,1.3833333333333333,1.3,0,0.2979335296938498,9.166666666666666,0.6218181818181818,0.06000000000000001,21.15,0.12371946414499607,3.7998423955870764,0.8648547735334324,1.7666666666666666,0.12441314553990611,1.238262910798122,1.178343949044586,6.816666666666666,0.18333333333333332,0.016666666666666666,2.7333333333333334,0.40097799511002447,0.0023752969121140144,0.8882211538461537,4.5,2.95,8.25,2.966666666666667,0.35959595959595964,57.28089887640449,0.35125524765193755,2.1839080459770117,3.15,0.38181818181818183,177.83333333333334,0.650328022492971,23.983333333333334,0.4166666666666667,0.017373175816539264,2.683333333333333,0.08333333333333333,29.3,0,0,0,0,0.9710982658959537,70.61666666666666,0.23333333333333334,8.936666666666667,2.1,0.7833333333333333
apm,操作速度,操作,70,0.5,0.8107953669935202,74.98333333333333,0.9333333333333333,23.45416666666667,12.916666666666666,12.916666666666666,7.2,22.783333333333335,2.45,0.55,0.4,2.05,0.22448979591836735,0.16326530612244897,5.6,1.2666666666666666,0.6,0.6956521739130433,1.2333333333333334,1.2166666666666666,0,0.2947858460485368,10.033333333333333,0.5930232558139535,0.053156146179401995,22.783333333333335,0.11997073884418434,3.7754206291148495,0.8950435246047255,2.1166666666666667,0.14547537227949597,1.1970217640320733,0.9193548387096774,6.733333333333333,0.25,0.03333333333333333,2.3833333333333333,0.35396039603960394,0.004750593824228029,1,4.366666666666666,3,8.133333333333333,3.2333333333333334,0.39754098360655743,66.51030927835052,0.35394582874449343,2.3247663551401865,3.566666666666667,0.43852459016393447,186.03333333333333,0.6500627127754883,25.933333333333334,0.5666666666666667,0.021850899742930592,2.45,0.08333333333333333,29.566666666666666,0,0,0,0,1,71.15,0.3333333333333333,9.353333333333332,1.3333333333333333,0.4
apm,操作速度,操作,90,0.5087719298245614,0.8126044851682579,74.56666666666666,0.95,23.470694444444447,13.9,13.5,7.383333333333334,22.416666666666668,2.9833333333333334,0.8166666666666667,0.4,2.5833333333333335,0.2737430167597765,0.1340782122905028,5.2,1.7,0.8666666666666667,0.6354378818737271,1.15,1.8333333333333333,0,0.2956419235635897,9.633333333333333,0.5553633217993079,0.053633217993079595,22.416666666666668,0.13011152416356875,3.8297397769516723,0.9030410263389925,1.5666666666666667,0.10421286031042129,1.370288248337029,1.510135135135135,7.05,0.03333333333333333,0,1.85,0.26241134751773054,0,1.0296296296296297,4.45,3.05,8.133333333333333,3.35,0.4118852459016394,68.72388059701493,0.36309726255570374,2.3255813953488373,3.65,0.4487704918032787,191.36666666666667,0.6454450444173488,27.083333333333332,0.5,0.018461538461538463,2.9833333333333334,0.08333333333333333,31.333333333333332,0,0,0,0,1,70.85,0.2,9.456666666666665,2.0833333333333335,0.8
positioning,走位,操作,40,0.3559322033898305,0.8141197482395979,73.53333333333333,0.9833333333333333,23.274999999999995,12.916666666666666,14.733333333333333,6.8,21.766666666666666,3.15,0.8333333333333334,0.5,2.65,0.2645502645502646,0.15873015873015872,5.15,1.9166666666666667,0.7,0.6204819277108433,1.7333333333333334,1.4166666666666667,0,0.25824528094371163,9.316666666666666,0.5581395348837209,0.07871198568872988,21.766666666666666,0.10413476263399694,3.7963246554364476,0.8694295261964434,1.5,0.11378002528445007,1.1908975979772438,1.3159722222222223,5.716666666666667,0.1,0,1.65,0.2886297376093294,0,0.8766968325791855,4.35,2.966666666666667,8.233333333333333,3.2666666666666666,0.3967611336032389,59.09183673469388,0.360699033993751,2.297921478060046,3.6333333333333333,0.4412955465587045,180.6,0.6473791066814323,25.9,0.4166666666666667,0.016087516087516088,3.15,0.08333333333333333,32.1,0,0,0,0.016410971641097165,1,65.36666666666666,0.4166666666666667,9.336666666666666,2.2333333333333334,0.7833333333333333
positioning,走位,操作,70,0.5,0.8107953669935202,74.98333333333333,0.9333333333333333,23.45416666666667,12.916666666666666,12.916666666666666,7.2,22.783333333333335,2.45,0.55,0.4,2.05,0.22448979591836735,0.16326530612244897,5.6,1.2666666666666666,0.6,0.6956521739130433,1.2333333333333334,1.2166666666666666,0,0.2947858460485368,10.033333333333333,0.5930232558139535,0.053156146179401995,22.783333333333335,0.11997073884418434,3.7754206291148495,0.8950435246047255,2.1166666666666667,0.14547537227949597,1.1970217640320733,0.9193548387096774,6.733333333333333,0.25,0.03333333333333333,2.3833333333333333,0.35396039603960394,0.004750593824228029,1,4.366666666666666,3,8.133333333333333,3.2333333333333334,0.39754098360655743,66.51030927835052,0.35394582874449343,2.3247663551401865,3.566666666666667,0.43852459016393447,186.03333333333333,0.6500627127754883,25.933333333333334,0.5666666666666667,0.021850899742930592,2.45,0.08333333333333333,29.566666666666666,0,0,0,0,1,71.15,0.3333333333333333,9.353333333333332,1.3333333333333333,0.4
positioning,走位,操作,90,0.423728813559322,0.8064762494876765,74.78333333333333,0.9833333333333333,23.006805555555555,11.533333333333333,11.966666666666667,6.65,21.283333333333335,2.8666666666666667,0.9833333333333333,0.2833333333333333,2.5833333333333335,0.3430232558139535,0.09883720930232558,5.566666666666666,1.7166666666666666,0.7,0.6600790513833992,1.4166666666666667,1.45,0,0.3234815863588241,9.5,0.5578947368421052,0.08771929824561404,21.283333333333335,0.10963194988253719,3.8410336726703207,0.8813877536236259,1.5666666666666667,0.10968494749124855,1.2520420070011669,1.2643312101910826,6.45,0.13333333333333333,0,2.316666666666667,0.3591731266149871,0,0.9637883008356546,4.433333333333334,2.95,8.25,3.2666666666666666,0.39595959595959596,61.34693877551021,0.3545624112619593,2.19815668202765,3,0.36363636363636365,181.31666666666666,0.6501516683518707,25.516666666666666,0.36666666666666664,0.014369693011103853,2.8666666666666667,0.08333333333333333,28.5,0,0,0,0,1,74.28333333333333,0.23333333333333334,8.916666666666666,1.45,0.48333333333333334
mapAware,視野意識,戰術,40,0.5892857142857143,0.8155812034157784,71.35,0.9333333333333333,23.099444444444444,12.516666666666667,13.8,6.316666666666666,21.666666666666668,1.85,0.48333333333333334,0.16666666666666666,1.6833333333333333,0.26126126126126126,0.09009009009009009,3.1333333333333333,1.15,0.55,0.6287625418060201,0.8833333333333333,0.9666666666666667,0,0.29563760164479663,10.483333333333333,0.6104928457869635,0.042925278219395874,21.666666666666668,0.10846153846153846,3.718461538461538,0.8595745448423483,1.8333333333333333,0.13221153846153846,1.1225961538461537,1.3181818181818181,6.016666666666667,0.13333333333333333,0,2.4,0.39889196675900274,0,0.9070048309178744,4.116666666666666,2.9166666666666665,7.766666666666667,2.6666666666666665,0.34334763948497854,75.86250000000001,0.32994950465640455,2.1670702179176753,3.1333333333333333,0.4034334763948498,181.13333333333333,0.6040669856459331,23.416666666666668,0.25,0.010676156583629894,1.85,0.03333333333333333,30.316666666666666,0,0,0,0,1,66.28333333333333,0.2833333333333333,9.07,1.6,0.48333333333333334
mapAware,視野意識,戰術,70,0.5,0.8107953669935202,74.98333333333333,0.9333333333333333,23.45416666666667,12.916666666666666,12.916666666666666,7.2,22.783333333333335,2.45,0.55,0.4,2.05,0.22448979591836735,0.16326530612244897,5.6,1.2666666666666666,0.6,0.6956521739130433,1.2333333333333334,1.2166666666666666,0,0.2947858460485368,10.033333333333333,0.5930232558139535,0.053156146179401995,22.783333333333335,0.11997073884418434,3.7754206291148495,0.8950435246047255,2.1166666666666667,0.14547537227949597,1.1970217640320733,0.9193548387096774,6.733333333333333,0.25,0.03333333333333333,2.3833333333333333,0.35396039603960394,0.004750593824228029,1,4.366666666666666,3,8.133333333333333,3.2333333333333334,0.39754098360655743,66.51030927835052,0.35394582874449343,2.3247663551401865,3.566666666666667,0.43852459016393447,186.03333333333333,0.6500627127754883,25.933333333333334,0.5666666666666667,0.021850899742930592,2.45,0.08333333333333333,29.566666666666666,0,0,0,0,1,71.15,0.3333333333333333,9.353333333333332,1.3333333333333333,0.4
mapAware,視野意識,戰術,90,0.5423728813559322,0.8159531389459108,69.8,0.9833333333333333,22.480138888888884,11.466666666666667,11.883333333333333,6.566666666666666,21.366666666666667,3.566666666666667,0.9833333333333333,0.43333333333333335,3.1333333333333333,0.2757009345794392,0.12149532710280374,5.966666666666667,2.0166666666666666,0.8166666666666667,0.6258741258741259,1.5,2.066666666666667,0,0.2945880540777812,10.316666666666666,0.5783521809369951,0.07592891760904685,21.366666666666667,0.11856474258970358,3.902496099843994,0.9038410448729434,2.25,0.14563106796116507,1.2211434735706581,1.3205882352941176,7.633333333333334,0.1,0.03333333333333333,2.3833333333333333,0.31222707423580787,0.004291845493562232,0.964936886395512,4.466666666666667,2.8833333333333333,8.083333333333334,3.5833333333333335,0.44329896907216493,61.99302325581395,0.40819186889873366,2.3625866050808315,3.8833333333333333,0.4804123711340206,176.81666666666666,0.6842303704401923,26.816666666666666,0.5,0.018645121193287758,3.566666666666667,0.1,28.833333333333332,0,2.6666666666666665,0,0,1,65.91666666666667,0.4666666666666667,9.26,2.533333333333333,0.9166666666666666
tacticalIQ,戰術理解,戰術,40,0.46551724137931033,0.8074866634144345,73.58333333333333,0.9666666666666667,23.003888888888888,11.333333333333334,12.3,5.8,21.383333333333333,3.0166666666666666,0.9166666666666666,0.35,2.6666666666666665,0.30386740331491713,0.11602209944751381,5.4,1.6,0.8,0.6415841584158417,1.4333333333333333,1.5833333333333333,0,0.29578471789985306,9.283333333333333,0.55475763016158,0.07360861759425494,21.383333333333333,0.09976617303195635,3.7918939984411533,0.8800021735455358,1.8333333333333333,0.13580246913580246,1.1234567901234567,1.2229729729729728,6,0.08333333333333333,0,1.7,0.2833333333333333,0,0.9214092140921409,4.166666666666667,2.95,7.9,2.55,0.3227848101265822,72.27450980392157,0.3341841000501659,2.1376811594202896,3.0833333333333335,0.39029535864978904,187.23333333333332,0.6022787965105929,25.3,0.35,0.013833992094861658,3.0166666666666666,0.08333333333333333,30.033333333333335,0,0,0.04153354632587858,0,1,69.46666666666667,0.26666666666666666,8.953333333333335,1.2166666666666666,0.36666666666666664
tacticalIQ,戰術理解,戰術,70,0.5,0.8107953669935202,74.98333333333333,0.9333333333333333,23.45416666666667,12.916666666666666,12.916666666666666,7.2,22.783333333333335,2.45,0.55,0.4,2.05,0.22448979591836735,0.16326530612244897,5.6,1.2666666666666666,0.6,0.6956521739130433,1.2333333333333334,1.2166666666666666,0,0.2947858460485368,10.033333333333333,0.5930232558139535,0.053156146179401995,22.783333333333335,0.11997073884418434,3.7754206291148495,0.8950435246047255,2.1166666666666667,0.14547537227949597,1.1970217640320733,0.9193548387096774,6.733333333333333,0.25,0.03333333333333333,2.3833333333333333,0.35396039603960394,0.004750593824228029,1,4.366666666666666,3,8.133333333333333,3.2333333333333334,0.39754098360655743,66.51030927835052,0.35394582874449343,2.3247663551401865,3.566666666666667,0.43852459016393447,186.03333333333333,0.6500627127754883,25.933333333333334,0.5666666666666667,0.021850899742930592,2.45,0.08333333333333333,29.566666666666666,0,0,0,0,1,71.15,0.3333333333333333,9.353333333333332,1.3333333333333333,0.4
tacticalIQ,戰術理解,戰術,90,0.6724137931034483,0.8166782723975692,71.95,0.9666666666666667,22.980972222222224,13,12.433333333333334,8.583333333333334,23.216666666666665,2.75,0.65,0.4666666666666667,2.283333333333333,0.23636363636363636,0.1696969696969697,5.383333333333334,1.6333333333333333,0.6666666666666666,0.6618852459016394,1.4833333333333334,1.2666666666666666,0,0.29385167432235854,10.483333333333333,0.5930047694753577,0.06518282988871225,23.216666666666665,0.12060301507537688,3.8715003589375456,0.9375751678623016,2.3333333333333335,0.15367727771679474,1.181119648737651,1.2202380952380953,6.8,0.1,0.03333333333333333,2.433333333333333,0.35784313725490197,0.004807692307692307,1.0455764075067024,4.3,3,8.1,3.75,0.46296296296296297,60.60666666666667,0.4078593416345434,2.396713615023474,3.966666666666667,0.48971193415637865,187.13333333333333,0.6794620591378697,25.533333333333335,0.4666666666666667,0.01827676240208877,2.75,0.08333333333333333,28.366666666666667,0,0,0,0,1,67.9,0.2,9.5,1.8666666666666667,0.43333333333333335
decision,決策力,戰術,40,0.6,0.8285909697908325,64.85,1,22.36486111111111,12.133333333333333,13.85,6.416666666666667,21.283333333333335,2.716666666666667,0.9166666666666666,0.31666666666666665,2.4,0.3374233128834356,0.1165644171779141,5.2,1.5833333333333333,0.55,0.6568421052631579,1.3666666666666667,1.35,0,0.2662809692212495,10.65,0.5946791862284819,0.08763693270735524,21.283333333333335,0.10101801096319497,3.810493343774471,0.8914405658678358,1.4666666666666666,0.08853118712273642,1.3068410462776658,1.412568306010929,7.45,0.08333333333333333,0,2.183333333333333,0.2930648769574944,0,0.8760529482551143,4.483333333333333,2.966666666666667,8.116666666666667,3.533333333333333,0.43531827515400406,60.72169811320755,0.4114620158692749,2.4089834515366433,3.8333333333333335,0.4722792607802875,175.38333333333333,0.6527606195951725,23.7,0.38333333333333336,0.01617440225035162,2.716666666666667,0.08333333333333333,32.4,0,0,0.03336045565500412,0,1,53.63333333333333,0.13333333333333333,9.353333333333333,1.8666666666666667,0.43333333333333335
decision,決策力,戰術,70,0.5,0.8107953669935202,74.98333333333333,0.9333333333333333,23.45416666666667,12.916666666666666,12.916666666666666,7.2,22.783333333333335,2.45,0.55,0.4,2.05,0.22448979591836735,0.16326530612244897,5.6,1.2666666666666666,0.6,0.6956521739130433,1.2333333333333334,1.2166666666666666,0,0.2947858460485368,10.033333333333333,0.5930232558139535,0.053156146179401995,22.783333333333335,0.11997073884418434,3.7754206291148495,0.8950435246047255,2.1166666666666667,0.14547537227949597,1.1970217640320733,0.9193548387096774,6.733333333333333,0.25,0.03333333333333333,2.3833333333333333,0.35396039603960394,0.004750593824228029,1,4.366666666666666,3,8.133333333333333,3.2333333333333334,0.39754098360655743,66.51030927835052,0.35394582874449343,2.3247663551401865,3.566666666666667,0.43852459016393447,186.03333333333333,0.6500627127754883,25.933333333333334,0.5666666666666667,0.021850899742930592,2.45,0.08333333333333333,29.566666666666666,0,0,0,0,1,71.15,0.3333333333333333,9.353333333333332,1.3333333333333333,0.4
decision,決策力,戰術,90,0.45,0.8079909479758025,75.75,1,23.06722222222222,12.516666666666667,12.333333333333334,6.4,21.6,2.466666666666667,0.7,0.36666666666666664,2.1,0.28378378378378377,0.14864864864864863,5.55,1.3666666666666667,0.6333333333333333,0.6923076923076922,1.0333333333333334,1.4333333333333333,0,0.31679932108549735,9.966666666666667,0.5719063545150502,0.09197324414715718,21.6,0.12114197530864197,3.8364197530864192,0.8884841405553816,1.95,0.12540192926045016,1.1843515541264737,1.5508982035928143,7.833333333333333,0.05,0.016666666666666666,2.3833333333333333,0.30425531914893617,0.002109704641350211,1.0148648648648648,4.4,3.0166666666666666,8.2,3.25,0.39634146341463417,62.98717948717949,0.35709967540620724,2.271889400921659,3.35,0.4085365853658537,182.4,0.6573464912280702,26.366666666666667,0.48333333333333334,0.018331226295828066,2.466666666666667,0.08333333333333333,28.916666666666668,0,2.566666666666667,0,0,1,73.83333333333333,0.4,9.153333333333332,2.0166666666666666,0.6333333333333333
adaptability,應變力,戰術,40,0.5172413793103449,0.8188844474496266,70.75,0.9666666666666667,23.220555555555556,12.75,14.316666666666666,6.716666666666667,23.2,3.1666666666666665,0.6666666666666666,0.4666666666666667,2.7,0.21052631578947367,0.1473684210526316,5.2,1.8666666666666667,0.7333333333333333,0.6215139442231076,1.55,1.6166666666666667,0,0.29627547080961264,10.316666666666666,0.5880452342487884,0.0840064620355412,23.2,0.11566091954022988,3.7830459770114944,0.8902612627700552,1.7833333333333334,0.11468381564844587,1.232583065380493,1.332298136645963,7.083333333333333,0,0,2.216666666666667,0.3129411764705883,0,0.8905704307334109,4.483333333333333,3.0166666666666666,8.216666666666667,3.2333333333333334,0.3935091277890467,61.350515463917525,0.3628887613444775,2.316279069767442,3.55,0.4320486815415821,183.08333333333334,0.6488848429676831,25.816666666666666,0.4,0.015493867010974823,3.1666666666666665,0.08333333333333333,31.15,0,0,0,0,1,64.88333333333334,0.31666666666666665,9.22,1.6,0.5166666666666667
adaptability,應變力,戰術,70,0.5,0.8107953669935202,74.98333333333333,0.9333333333333333,23.45416666666667,12.916666666666666,12.916666666666666,7.2,22.783333333333335,2.45,0.55,0.4,2.05,0.22448979591836735,0.16326530612244897,5.6,1.2666666666666666,0.6,0.6956521739130433,1.2333333333333334,1.2166666666666666,0,0.2947858460485368,10.033333333333333,0.5930232558139535,0.053156146179401995,22.783333333333335,0.11997073884418434,3.7754206291148495,0.8950435246047255,2.1166666666666667,0.14547537227949597,1.1970217640320733,0.9193548387096774,6.733333333333333,0.25,0.03333333333333333,2.3833333333333333,0.35396039603960394,0.004750593824228029,1,4.366666666666666,3,8.133333333333333,3.2333333333333334,0.39754098360655743,66.51030927835052,0.35394582874449343,2.3247663551401865,3.566666666666667,0.43852459016393447,186.03333333333333,0.6500627127754883,25.933333333333334,0.5666666666666667,0.021850899742930592,2.45,0.08333333333333333,29.566666666666666,0,0,0,0,1,71.15,0.3333333333333333,9.353333333333332,1.3333333333333333,0.4
adaptability,應變力,戰術,90,0.4727272727272727,0.813549689072805,74.78333333333333,0.9166666666666666,23.392083333333336,13.133333333333333,12.583333333333334,8.05,22.9,3.1166666666666667,0.7833333333333333,0.4,2.716666666666667,0.25133689839572193,0.12834224598930483,5.383333333333334,1.7833333333333334,0.7833333333333333,0.6333333333333334,1.4,1.7166666666666666,0,0.29510508933575863,10.3,0.5954692556634305,0.05339805825242719,22.9,0.1208151382823872,3.8253275109170306,0.9068298272801221,2.1666666666666665,0.14525139664804468,1.2022346368715084,1.190625,6.8,0.15,0,1.9,0.27941176470588236,0,1.043708609271523,4.4,3.033333333333333,8.216666666666667,3.4166666666666665,0.41582150101419874,57.514634146341464,0.37714214716140537,2.338785046728972,3.85,0.4685598377281947,187.51666666666668,0.6490978579681805,25.8,0.4166666666666667,0.01614987080103359,3.1166666666666667,0.08333333333333333,29.616666666666667,0,1.7833333333333334,0,0,1,71.08333333333333,0.3333333333333333,9.436666666666664,1.0333333333333334,0.38333333333333336
courage,勇氣,心理,40,0.3620689655172414,0.8050796129473884,79.25,0.9666666666666667,23.647777777777783,11.833333333333334,12.4,7.066666666666666,22.95,3.15,0.8833333333333333,0.45,2.7,0.2804232804232804,0.14285714285714288,5.283333333333333,1.7333333333333334,0.85,0.6264822134387351,1.4833333333333334,1.6666666666666667,0,0.3471317108819511,9.333333333333334,0.5178571428571428,0.0982142857142857,22.95,0.11692084241103848,3.8373275236020334,0.8939529201710287,2.466666666666667,0.1804878048780488,1.1658536585365855,1.4803149606299213,7.65,0.2,0.016666666666666666,2.2333333333333334,0.29193899782135074,0.00211864406779661,0.9543010752688172,4.25,3.033333333333333,7.966666666666667,3.2333333333333334,0.40585774058577406,68.41752577319588,0.346653128697418,2.3317647058823527,3.4,0.42677824267782427,188.35,0.6541014069551367,26.166666666666668,0.38333333333333336,0.01464968152866242,3.15,0.016666666666666666,28.216666666666665,0,0,0,0,1,79.95,0.25,9.123333333333333,1.9,0.5833333333333334
courage,勇氣,心理,70,0.5,0.8107953669935202,74.98333333333333,0.9333333333333333,23.45416666666667,12.916666666666666,12.916666666666666,7.2,22.783333333333335,2.45,0.55,0.4,2.05,0.22448979591836735,0.16326530612244897,5.6,1.2666666666666666,0.6,0.6956521739130433,1.2333333333333334,1.2166666666666666,0,0.2947858460485368,10.033333333333333,0.5930232558139535,0.053156146179401995,22.783333333333335,0.11997073884418434,3.7754206291148495,0.8950435246047255,2.1166666666666667,0.14547537227949597,1.1970217640320733,0.9193548387096774,6.733333333333333,0.25,0.03333333333333333,2.3833333333333333,0.35396039603960394,0.004750593824228029,1,4.366666666666666,3,8.133333333333333,3.2333333333333334,0.39754098360655743,66.51030927835052,0.35394582874449343,2.3247663551401865,3.566666666666667,0.43852459016393447,186.03333333333333,0.6500627127754883,25.933333333333334,0.5666666666666667,0.021850899742930592,2.45,0.08333333333333333,29.566666666666666,0,0,0,0,1,71.15,0.3333333333333333,9.353333333333332,1.3333333333333333,0.4
courage,勇氣,心理,90,0.5344827586206896,0.8163980665692743,72.95,0.9666666666666667,23.50875,13.4,14.666666666666666,7.6,22.85,3.2,0.8666666666666667,0.4666666666666667,2.7333333333333334,0.2708333333333333,0.14583333333333331,5.116666666666666,1.8,0.8666666666666667,0.6152304609218436,1.5833333333333333,1.6166666666666667,0,0.2636061309759178,9.416666666666666,0.6230088495575221,0.06902654867256638,22.85,0.12472647702407001,3.8191101385849744,0.8952163201644776,1.9166666666666667,0.1265126512651265,1.1958195819581958,1.3343023255813955,6.383333333333334,0.23333333333333334,0.03333333333333333,2.15,0.33681462140992163,0.005012531328320802,0.9136363636363637,4.45,3.066666666666667,8.383333333333333,3.4,0.40556660039761433,70.16666666666667,0.3693338033133592,2.3006993006993004,3.6666666666666665,0.437375745526839,186.93333333333334,0.6560271041369472,25.983333333333334,0.43333333333333335,0.01667735728030789,3.2,0.1,31.5,0,0,0,0,1,65.71666666666667,0.4,9.426666666666671,2.3666666666666667,0.7666666666666667
clutch,抗壓,心理,40,0.43103448275862066,0.8057849174577628,75.66666666666667,0.9666666666666667,22.78388888888889,11.816666666666666,11.216666666666667,6.75,21.733333333333334,2.5833333333333335,0.6666666666666666,0.18333333333333332,2.4,0.25806451612903225,0.07096774193548386,5.683333333333334,1.4666666666666666,0.65,0.6875,1.1833333333333333,1.4,0,0.33602249660769473,9.5,0.6192982456140351,0.07719298245614034,21.733333333333334,0.11503067484662576,3.8412576687116564,0.9042695862085782,1.95,0.13014460511679646,1.1979977753058955,1.2189349112426033,6.666666666666667,0.1,0,1.8833333333333333,0.2825,0,1.0534918276374443,4.266666666666667,2.8833333333333333,8,3.1333333333333333,0.39166666666666666,70.98670212765958,0.3619550738125216,2.2985436893203883,3.3,0.4125,180.91666666666666,0.6493781667434363,25.3,0.35,0.013833992094861658,2.5833333333333335,0.08333333333333333,27.35,0,0,0.02170418006430863,0,1,75.33333333333333,0.23333333333333334,8.946666666666667,1.5666666666666667,0.6166666666666667
clutch,抗壓,心理,70,0.5,0.8107953669935202,74.98333333333333,0.9333333333333333,23.45416666666667,12.916666666666666,12.916666666666666,7.2,22.783333333333335,2.45,0.55,0.4,2.05,0.22448979591836735,0.16326530612244897,5.6,1.2666666666666666,0.6,0.6956521739130433,1.2333333333333334,1.2166666666666666,0,0.2947858460485368,10.033333333333333,0.5930232558139535,0.053156146179401995,22.783333333333335,0.11997073884418434,3.7754206291148495,0.8950435246047255,2.1166666666666667,0.14547537227949597,1.1970217640320733,0.9193548387096774,6.733333333333333,0.25,0.03333333333333333,2.3833333333333333,0.35396039603960394,0.004750593824228029,1,4.366666666666666,3,8.133333333333333,3.2333333333333334,0.39754098360655743,66.51030927835052,0.35394582874449343,2.3247663551401865,3.566666666666667,0.43852459016393447,186.03333333333333,0.6500627127754883,25.933333333333334,0.5666666666666667,0.021850899742930592,2.45,0.08333333333333333,29.566666666666666,0,0,0,0,1,71.15,0.3333333333333333,9.353333333333332,1.3333333333333333,0.4
clutch,抗壓,心理,90,0.4482758620689655,0.8125164431202082,72.21666666666667,0.9666666666666667,23.10361111111111,12.433333333333334,14.083333333333334,7.25,22.85,2.9833333333333334,0.65,0.36666666666666664,2.6166666666666667,0.21787709497206703,0.12290502793296089,5.516666666666667,1.8333333333333333,0.8166666666666667,0.6490196078431373,1.3333333333333333,1.65,0,0.2710015190679618,10.183333333333334,0.5662847790507365,0.09001636661211129,22.85,0.10430342815463164,3.7877461706783366,0.8916475298474265,1.5333333333333334,0.10526315789473685,1.2608695652173914,1.1910828025477707,6.916666666666667,0.21666666666666667,0.06666666666666667,3.3833333333333333,0.4891566265060241,0.009259259259259259,0.8828402366863906,4.416666666666667,3.0166666666666666,8.133333333333333,3.3666666666666667,0.4139344262295082,59.92821782178218,0.37481840633398705,2.288329519450801,3.3833333333333333,0.4159836065573771,182.88333333333333,0.6512348491752483,25.75,0.35,0.013592233009708738,2.9833333333333334,0.08333333333333333,31.983333333333334,0,0,0,0,1,66.38333333333334,0.3333333333333333,9.089999999999998,1.65,0.4666666666666667
focus,專注力,心理,40,0.43333333333333335,0.8120888332610158,71.25,1,22.59069444444444,11.916666666666666,12.733333333333333,6.633333333333334,21.166666666666668,2.55,0.7166666666666667,0.3,2.25,0.28104575163398693,0.11764705882352941,4.95,1.3333333333333333,0.7333333333333333,0.66,1.0833333333333333,1.4666666666666666,0,0.2766815852319364,9.766666666666667,0.5767918088737202,0.07337883959044368,21.166666666666668,0.10551181102362205,3.7755905511811023,0.861773222750272,2.5166666666666666,0.1804062126642772,1.0681003584229392,1.292517006802721,6.2,0.21666666666666667,0,2.55,0.41129032258064513,0,0.9358638743455497,4.266666666666667,2.9,7.95,2.9166666666666665,0.36687631027253664,70.7942857142857,0.34297516850928067,2.26161369193154,2.95,0.37106918238993714,179.21666666666667,0.6079233702222636,24.983333333333334,0.3,0.01200800533689126,2.55,0.08333333333333333,31.733333333333334,0,0,0,0,0.9814132618888145,65.95,0.43333333333333335,8.869999999999997,1.6333333333333333,0.65
focus,專注力,心理,70,0.5,0.8107953669935202,74.98333333333333,0.9333333333333333,23.45416666666667,12.916666666666666,12.916666666666666,7.2,22.783333333333335,2.45,0.55,0.4,2.05,0.22448979591836735,0.16326530612244897,5.6,1.2666666666666666,0.6,0.6956521739130433,1.2333333333333334,1.2166666666666666,0,0.2947858460485368,10.033333333333333,0.5930232558139535,0.053156146179401995,22.783333333333335,0.11997073884418434,3.7754206291148495,0.8950435246047255,2.1166666666666667,0.14547537227949597,1.1970217640320733,0.9193548387096774,6.733333333333333,0.25,0.03333333333333333,2.3833333333333333,0.35396039603960394,0.004750593824228029,1,4.366666666666666,3,8.133333333333333,3.2333333333333334,0.39754098360655743,66.51030927835052,0.35394582874449343,2.3247663551401865,3.566666666666667,0.43852459016393447,186.03333333333333,0.6500627127754883,25.933333333333334,0.5666666666666667,0.021850899742930592,2.45,0.08333333333333333,29.566666666666666,0,0,0,0,1,71.15,0.3333333333333333,9.353333333333332,1.3333333333333333,0.4
focus,專注力,心理,90,0.5333333333333333,0.8114297353447192,72.18333333333334,1,22.495694444444442,10.95,12.233333333333333,6.2,21.3,2.816666666666667,0.75,0.3,2.5166666666666666,0.2662721893491124,0.10650887573964496,5.033333333333333,1.55,0.8,0.6411889596602972,1.45,1.3666666666666667,0,0.3097875498936687,9.783333333333333,0.5689948892674617,0.10562180579216356,21.3,0.10250391236306727,3.820813771517997,0.8844408497922442,2.2,0.1461794019933555,1.169435215946844,1.227810650887574,6.45,0.16666666666666666,0.016666666666666666,1.95,0.3023255813953488,0.0025125628140703514,0.8950953678474114,4.183333333333334,2.9166666666666665,7.966666666666667,3.1333333333333333,0.3933054393305439,57.53457446808511,0.3618586088939567,2.2755344418052257,3.283333333333333,0.4121338912133891,172.91666666666666,0.6698795180722892,24.983333333333334,0.38333333333333336,0.015343562374916611,2.816666666666667,0.08333333333333333,29.75,0,0,0,0,1,70.03333333333333,0.45,9.030000000000001,1.4833333333333334,0.43333333333333335
resilience,韌性,心理,40,0.559322033898305,0.8111580173589444,73.33333333333333,0.9833333333333333,23.138888888888882,12.7,11.566666666666666,7.116666666666666,22.833333333333332,2.7333333333333334,0.75,0.3333333333333333,2.4,0.27439024390243905,0.12195121951219512,5.15,1.4166666666666667,0.9,0.653276955602537,1.25,1.4833333333333334,0,0.3131999057341279,9.966666666666667,0.5752508361204013,0.056856187290969896,22.833333333333332,0.11678832116788321,3.821167883211679,0.89015606242497,1.9333333333333333,0.13048368953880765,1.2170978627671543,1.3540372670807455,6.9,0,0.03333333333333333,2.183333333333333,0.3164251207729468,0.004807692307692307,1.0979827089337175,4.283333333333333,3.05,8.183333333333334,3.283333333333333,0.40122199592668023,59.94670050761421,0.368743744871922,2.2976744186046507,3.75,0.45824847250509165,181.6,0.6488619676945668,25.816666666666666,0.45,0.017430600387346677,2.7333333333333334,0.08333333333333333,29.7,0,0,0,0,1,71.48333333333333,0.5,9.359999999999998,1.5,0.6833333333333333
resilience,韌性,心理,70,0.5,0.8107953669935202,74.98333333333333,0.9333333333333333,23.45416666666667,12.916666666666666,12.916666666666666,7.2,22.783333333333335,2.45,0.55,0.4,2.05,0.22448979591836735,0.16326530612244897,5.6,1.2666666666666666,0.6,0.6956521739130433,1.2333333333333334,1.2166666666666666,0,0.2947858460485368,10.033333333333333,0.5930232558139535,0.053156146179401995,22.783333333333335,0.11997073884418434,3.7754206291148495,0.8950435246047255,2.1166666666666667,0.14547537227949597,1.1970217640320733,0.9193548387096774,6.733333333333333,0.25,0.03333333333333333,2.3833333333333333,0.35396039603960394,0.004750593824228029,1,4.366666666666666,3,8.133333333333333,3.2333333333333334,0.39754098360655743,66.51030927835052,0.35394582874449343,2.3247663551401865,3.566666666666667,0.43852459016393447,186.03333333333333,0.6500627127754883,25.933333333333334,0.5666666666666667,0.021850899742930592,2.45,0.08333333333333333,29.566666666666666,0,0,0,0,1,71.15,0.3333333333333333,9.353333333333332,1.3333333333333333,0.4
resilience,韌性,心理,90,0.5964912280701754,0.8167269536324707,74.16666666666667,0.95,23.66097222222223,13.466666666666667,13.466666666666667,8,23.166666666666668,2.933333333333333,0.75,0.3333333333333333,2.6,0.2556818181818182,0.11363636363636363,5.566666666666666,1.6333333333333333,0.6,0.6549019607843137,1.4333333333333333,1.5,0,0.28233982935584867,10.216666666666667,0.5791190864600326,0.0799347471451876,23.166666666666668,0.11798561151079136,3.785611510791367,0.8931139534747211,1.7166666666666666,0.11431742508324083,1.248612652608213,1.1754385964912282,6.633333333333334,0.1,0.03333333333333333,1.9666666666666666,0.29648241206030146,0.0049261083743842365,1,4.483333333333333,3.1,8.466666666666667,3.55,0.41929133858267714,61.152582159624416,0.38040671688302435,2.3355555555555556,4.033333333333333,0.4763779527559055,185.05,0.6563091056471224,26.216666666666665,0.48333333333333334,0.018436109345200256,2.933333333333333,0.08333333333333333,30.816666666666666,0,0,0,0,1,69.13333333333334,0.36666666666666664,9.559999999999999,1.5166666666666666,0.5